{
  "converged": true,
  "solve_time_s": 0.32790327072143555,
  "residual": 0.05467399470388981,
  "solver": "direct_sparse",
  "matrix_shape": [
    8000,
    8000
  ],
  "matrix_nnz": 53600
}