{
  "converged": true,
  "solve_time_s": 98.75048756599426,
  "residual": 0.3649308488715733,
  "solver": "direct_sparse",
  "matrix_shape": [
    125000,
    125000
  ],
  "matrix_nnz": 860000
}