{
  "n_candidates": 2,
  "n_pass_structural": 2,
  "n_pass_manufacturability": 2,
  "n_pass_overall": 2,
  "pass_rate": 1.0,
  "best_candidate": "candidate_02_diamond_2d_s1045",
  "failure_mode_counts": {},
  "statistics": {
    "thermal_resistance_range_k_w": [
      11.265617018419787,
      11.265617209376499
    ],
    "structural_margin_range": [
      0.6515619800292658,
      0.651561988525239
    ],
    "best_thermal_resistance_k_w": 11.265617018419787,
    "best_structural_margin": 0.651561988525239
  },
  "ranking": [
    {
      "candidate_id": "candidate_02_diamond_2d_s1045",
      "overall_pass": true,
      "structural_pass": true,
      "manufacturability_pass": true,
      "thermal_resistance_k_w": 11.265617018419787,
      "structural_margin": 0.6515619800292658,
      "pressure_drop_pa": 1000.0,
      "T_max_c": 70.06246807367916,
      "composite_score": 11.619094359125745,
      "rank": 1
    },
    {
      "candidate_id": "candidate_01_diamond_2d_s1127",
      "overall_pass": true,
      "structural_pass": true,
      "manufacturability_pass": true,
      "thermal_resistance_k_w": 11.265617209376499,
      "structural_margin": 0.651561988525239,
      "pressure_drop_pa": 1000.0,
      "T_max_c": 70.062468837506,
      "composite_score": 11.619094548081204,
      "rank": 2
    }
  ]
}