{
  "converged": true,
  "solve_time_s": 0.28880786895751953,
  "residual": 0.05615795380148733,
  "solver": "direct_sparse",
  "matrix_shape": [
    8000,
    8000
  ],
  "matrix_nnz": 53600
}