{
  "n_candidates": 2,
  "candidates": [
    {
      "candidate_id": "candidate_02_diamond_2d_s1045",
      "thermal_converged": true,
      "thermal_solve_time_s": 98.75048756599426,
      "thermal_resistance_k_w": 1.0296098572195402,
      "T_max_c": 50.74024643048851,
      "T_mean_c": 26.807937052989864,
      "T_spread_c": 13.909284950367297
    },
    {
      "candidate_id": "candidate_01_diamond_2d_s1127",
      "thermal_converged": true,
      "thermal_solve_time_s": 99.60624170303345,
      "thermal_resistance_k_w": 1.0349706405416004,
      "T_max_c": 50.874266013540016,
      "T_mean_c": 26.853233903761247,
      "T_spread_c": 13.840426106692487
    }
  ]
}