{
  "n_candidates": 2,
  "candidates": [
    {
      "candidate_id": "candidate_02_diamond_2d_s1045",
      "thermal_converged": true,
      "thermal_solve_time_s": 0.32790327072143555,
      "thermal_resistance_k_w": 11.265617018419787,
      "T_max_c": 70.06246807367916,
      "T_mean_c": 29.52302475310927,
      "T_spread_c": 45.06243910549751
    },
    {
      "candidate_id": "candidate_01_diamond_2d_s1127",
      "thermal_converged": true,
      "thermal_solve_time_s": 0.28880786895751953,
      "thermal_resistance_k_w": 11.265617209376499,
      "T_max_c": 70.062468837506,
      "T_mean_c": 29.573489885550835,
      "T_spread_c": 45.06243895712045
    }
  ]
}