{
  "n_candidates": 2,
  "candidate_ids": [
    "candidate_02_diamond_2d_s1045",
    "candidate_01_diamond_2d_s1127"
  ],
  "thermal_resistance": {
    "values_k_w": [
      11.265617018419787,
      11.265617209376499
    ],
    "best_k_w": 11.265617018419787,
    "worst_k_w": 11.265617209376499,
    "mean_k_w": 11.265617113898143,
    "std_k_w": 9.547835588818998e-08,
    "range_k_w": 1.9095671177637996e-07,
    "best_candidate": "candidate_02_diamond_2d_s1045"
  },
  "peak_temperature": {
    "values_c": [
      70.06246807367916,
      70.062468837506
    ],
    "lowest_c": 70.06246807367916,
    "highest_c": 70.062468837506,
    "mean_c": 70.06246845559258,
    "std_c": 3.819134235527599e-07,
    "range_c": 7.638268471055198e-07,
    "best_candidate": "candidate_02_diamond_2d_s1045"
  }
}