{
  "method_names": [
    "random_search",
    "genetic_algorithm"
  ],
  "budgets": [
    100,
    100
  ],
  "best_scores": [
    1233.3149024247457,
    2049.6435058967345
  ],
  "top_k_scores": [
    [
      1233.3149024247457,
      1189.3188701813747,
      925.9871286388269,
      867.5462987724627,
      858.9463061106557,
      667.6768652841639,
      665.826208168134,
      344.1044989580034,
      338.44842326365546
    ],
    [
      2049.6435058967345,
      1974.144016641784,
      1974.144016641784,
      1974.144016641784,
      1974.144016641784,
      1974.144016641784,
      1974.144016641784,
      1974.144016641784,
      1974.144016641784,
      1974.144016641784
    ]
  ],
  "valid_counts": [
    9,
    67
  ],
  "invalid_counts": [
    91,
    33
  ],
  "family_distributions": [
    {
      "straight_channel": 10,
      "pin_fin": 17,
      "gyroid_2d": 11,
      "primitive_2d": 18,
      "serpentine_channel": 24,
      "diamond_2d": 20
    },
    {
      "diamond_2d": 78,
      "pin_fin": 2,
      "gyroid_2d": 4,
      "serpentine_channel": 10,
      "straight_channel": 3,
      "primitive_2d": 3
    }
  ]
}