{
  "comparison_metrics": {
    "n_candidates": 2,
    "candidate_ids": [
      "candidate_01_diamond_2d_s1127",
      "candidate_02_diamond_2d_s1045"
    ],
    "pressure_drop_pa": {
      "values": [
        1000.0,
        1000.0
      ],
      "ranking": [
        0,
        1
      ],
      "best_candidate": "candidate_01_diamond_2d_s1127",
      "best_value": 1000.0,
      "worst_value": 1000.0,
      "mean": 1000.0,
      "std": 0.0,
      "label": "SIMULATED"
    },
    "flow_rate_m3_s": {
      "values": [
        0.0007165706622347222,
        0.0007337228676132756
      ],
      "ranking": [
        1,
        0
      ],
      "best_candidate": "candidate_02_diamond_2d_s1045",
      "best_value": 0.0007337228676132756,
      "worst_value": 0.0007165706622347222,
      "mean": 0.0007251467649239989,
      "std": 8.576102689276726e-06,
      "label": "SIMULATED"
    },
    "hydraulic_resistance_pa_s_m3": {
      "values": [
        1395535.7827256913,
        1362912.4075863906
      ],
      "ranking": [
        1,
        0
      ],
      "best_candidate": "candidate_02_diamond_2d_s1045",
      "best_value": 1362912.4075863906,
      "worst_value": 1395535.7827256913,
      "mean": 1379224.095156041,
      "std": 16311.687569650356,
      "label": "SIMULATED"
    },
    "porosity": {
      "values": [
        0.557,
        0.563375
      ],
      "mean": 0.5601875000000001,
      "std": 0.0031874999999999543,
      "label": "GEOMETRIC"
    }
  },
  "matched_conditions": {
    "matched": true,
    "mismatches": [],
    "verification": "PASS"
  }
}