{
  "n_candidates": 2,
  "candidates": [
    {
      "candidate_id": "candidate_01_diamond_2d_s1127",
      "converged": true,
      "solve_time_s": 123.06477499008179,
      "pressure_drop_pa": 1000.0,
      "flow_rate_m3_s": 0.0017567382919853743,
      "hydraulic_resistance": 569236.7523166196,
      "porosity": 0.555192
    },
    {
      "candidate_id": "candidate_02_diamond_2d_s1045",
      "converged": true,
      "solve_time_s": 122.18786406517029,
      "pressure_drop_pa": 1000.0,
      "flow_rate_m3_s": 0.001800408331125899,
      "hydraulic_resistance": 555429.556013353,
      "porosity": 0.563976
    }
  ]
}