{
  "n_candidates": 2,
  "candidates": [
    {
      "candidate_id": "candidate_01_diamond_2d_s1127",
      "converged": true,
      "solve_time_s": 0.19047856330871582,
      "pressure_drop_pa": 1000.0,
      "flow_rate_m3_s": 0.0007165706622347222,
      "hydraulic_resistance": 1395535.7827256913,
      "porosity": 0.557
    },
    {
      "candidate_id": "candidate_02_diamond_2d_s1045",
      "converged": true,
      "solve_time_s": 0.1865525245666504,
      "pressure_drop_pa": 1000.0,
      "flow_rate_m3_s": 0.0007337228676132756,
      "hydraulic_resistance": 1362912.4075863906,
      "porosity": 0.563375
    }
  ]
}