{
  "comparison_metrics": {
    "n_candidates": 2,
    "candidate_ids": [
      "candidate_01_diamond_2d_s1127",
      "candidate_02_diamond_2d_s1045"
    ],
    "pressure_drop_pa": {
      "values": [
        1000.0,
        1000.0
      ],
      "ranking": [
        0,
        1
      ],
      "best_candidate": "candidate_01_diamond_2d_s1127",
      "best_value": 1000.0,
      "worst_value": 1000.0,
      "mean": 1000.0,
      "std": 0.0,
      "label": "SIMULATED"
    },
    "flow_rate_m3_s": {
      "values": [
        0.0017567382919853743,
        0.001800408331125899
      ],
      "ranking": [
        1,
        0
      ],
      "best_candidate": "candidate_02_diamond_2d_s1045",
      "best_value": 0.001800408331125899,
      "worst_value": 0.0017567382919853743,
      "mean": 0.0017785733115556366,
      "std": 2.183501957026229e-05,
      "label": "SIMULATED"
    },
    "hydraulic_resistance_pa_s_m3": {
      "values": [
        569236.7523166196,
        555429.556013353
      ],
      "ranking": [
        1,
        0
      ],
      "best_candidate": "candidate_02_diamond_2d_s1045",
      "best_value": 555429.556013353,
      "worst_value": 569236.7523166196,
      "mean": 562333.1541649863,
      "std": 6903.598151633283,
      "label": "SIMULATED"
    },
    "porosity": {
      "values": [
        0.555192,
        0.563976
      ],
      "mean": 0.5595840000000001,
      "std": 0.004392000000000007,
      "label": "GEOMETRIC"
    }
  },
  "matched_conditions": {
    "matched": true,
    "mismatches": [],
    "verification": "PASS"
  }
}